DATAFLOW,LAST UPDATE,freq,unit,sector,cofog99,na_item,geo,TIME_PERIOD,OBS_VALUE,OBS_FLAG
ESTAT:GOV_10A_EXP(1.0),22/04/24 11:00:00,A,PC_GDP,S13,TOTAL,TE,AT,2013,51.6,
ESTAT:GOV_10A_EXP(1.0),22/04/24 11:00:00,A,PC_GDP,S13,TOTAL,TE,AT,2014,52.4,
ESTAT:GOV_10A_EXP(1.0),22/04/24 11:00:00,A,PC_GDP,S13,TOTAL,TE,AT,2015,51.1,
ESTAT:GOV_10A_EXP(1.0),22/04/24 11:00:00,A,PC_GDP,S13,TOTAL,TE,AT,2016,50.1,
ESTAT:GOV_10A_EXP(1.0),22/04/24 11:00:00,A,PC_GDP,S13,TOTAL,TE,AT,2017,49.3,
ESTAT:GOV_10A_EXP(1.0),22/04/24 11:00:00,A,PC_GDP,S13,TOTAL,TE,AT,2018,48.8,
ESTAT:GOV_10A_EXP(1.0),22/04/24 11:00:00,A,PC_GDP,S13,TOTAL,TE,AT,2019,48.7,
ESTAT:GOV_10A_EXP(1.0),22/04/24 11:00:00,A,PC_GDP,S13,TOTAL,TE,AT,2020,56.8,
ESTAT:GOV_10A_EXP(1.0),22/04/24 11:00:00,A,PC_GDP,S13,TOTAL,TE,AT,2021,56.2,
ESTAT:GOV_10A_EXP(1.0),22/04/24 11:00:00,A,PC_GDP,S13,TOTAL,TE,AT,2022,53.2,
ESTAT:GOV_10A_EXP(1.0),22/04/24 11:00:00,A,PC_GDP,S13,TOTAL,TE,BE,2013,56.1,
ESTAT:GOV_10A_EXP(1.0),22/04/24 11:00:00,A,PC_GDP,S13,TOTAL,TE,BE,2014,55.6,
ESTAT:GOV_10A_EXP(1.0),22/04/24 11:00:00,A,PC_GDP,S13,TOTAL,TE,BE,2015,53.7,
ESTAT:GOV_10A_EXP(1.0),22/04/24 11:00:00,A,PC_GDP,S13,TOTAL,TE,BE,2016,53.1,
ESTAT:GOV_10A_EXP(1.0),22/04/24 11:00:00,A,PC_GDP,S13,TOTAL,TE,BE,2017,52.0,
ESTAT:GOV_10A_EXP(1.0),22/04/24 11:00:00,A,PC_GDP,S13,TOTAL,TE,BE,2018,52.3,
ESTAT:GOV_10A_EXP(1.0),22/04/24 11:00:00,A,PC_GDP,S13,TOTAL,TE,BE,2019,51.9,
ESTAT:GOV_10A_EXP(1.0),22/04/24 11:00:00,A,PC_GDP,S13,TOTAL,TE,BE,2020,58.8,
ESTAT:GOV_10A_EXP(1.0),22/04/24 11:00:00,A,PC_GDP,S13,TOTAL,TE,BE,2021,54.8,
ESTAT:GOV_10A_EXP(1.0),22/04/24 11:00:00,A,PC_GDP,S13,TOTAL,TE,BE,2022,53.2,p
ESTAT:GOV_10A_EXP(1.0),22/04/24 11:00:00,A,PC_GDP,S13,TOTAL,TE,BG,2013,37.8,
ESTAT:GOV_10A_EXP(1.0),22/04/24 11:00:00,A,PC_GDP,S13,TOTAL,TE,BG,2014,43.2,
ESTAT:GOV_10A_EXP(1.0),22/04/24 11:00:00,A,PC_GDP,S13,TOTAL,TE,BG,2015,40.4,
ESTAT:GOV_10A_EXP(1.0),22/04/24 11:00:00,A,PC_GDP,S13,TOTAL,TE,BG,2016,34.8,
ESTAT:GOV_10A_EXP(1.0),22/04/24 11:00:00,A,PC_GDP,S13,TOTAL,TE,BG,2017,34.8,
ESTAT:GOV_10A_EXP(1.0),22/04/24 11:00:00,A,PC_GDP,S13,TOTAL,TE,BG,2018,37.0,
ESTAT:GOV_10A_EXP(1.0),22/04/24 11:00:00,A,PC_GDP,S13,TOTAL,TE,BG,2019,36.3,
ESTAT:GOV_10A_EXP(1.0),22/04/24 11:00:00,A,PC_GDP,S13,TOTAL,TE,BG,2020,41.5,
ESTAT:GOV_10A_EXP(1.0),22/04/24 11:00:00,A,PC_GDP,S13,TOTAL,TE,BG,2021,41.7,
ESTAT:GOV_10A_EXP(1.0),22/04/24 11:00:00,A,PC_GDP,S13,TOTAL,TE,BG,2022,41.4,
ESTAT:GOV_10A_EXP(1.0),22/04/24 11:00:00,A,PC_GDP,S13,TOTAL,TE,CH,2013,33.6,
ESTAT:GOV_10A_EXP(1.0),22/04/24 11:00:00,A,PC_GDP,S13,TOTAL,TE,CH,2014,33.3,
ESTAT:GOV_10A_EXP(1.0),22/04/24 11:00:00,A,PC_GDP,S13,TOTAL,TE,CH,2015,33.6,
ESTAT:GOV_10A_EXP(1.0),22/04/24 11:00:00,A,PC_GDP,S13,TOTAL,TE,CH,2016,33.7,
ESTAT:GOV_10A_EXP(1.0),22/04/24 11:00:00,A,PC_GDP,S13,TOTAL,TE,CH,2017,33.7,
ESTAT:GOV_10A_EXP(1.0),22/04/24 11:00:00,A,PC_GDP,S13,TOTAL,TE,CH,2018,33.0,
ESTAT:GOV_10A_EXP(1.0),22/04/24 11:00:00,A,PC_GDP,S13,TOTAL,TE,CH,2019,33.3,
ESTAT:GOV_10A_EXP(1.0),22/04/24 11:00:00,A,PC_GDP,S13,TOTAL,TE,CH,2020,38.3,
ESTAT:GOV_10A_EXP(1.0),22/04/24 11:00:00,A,PC_GDP,S13,TOTAL,TE,CH,2021,35.8,
ESTAT:GOV_10A_EXP(1.0),22/04/24 11:00:00,A,PC_GDP,S13,TOTAL,TE,CH,2022,33.0,
ESTAT:GOV_10A_EXP(1.0),22/04/24 11:00:00,A,PC_GDP,S13,TOTAL,TE,CY,2013,42.8,
ESTAT:GOV_10A_EXP(1.0),22/04/24 11:00:00,A,PC_GDP,S13,TOTAL,TE,CY,2014,49.3,
ESTAT:GOV_10A_EXP(1.0),22/04/24 11:00:00,A,PC_GDP,S13,TOTAL,TE,CY,2015,40.4,
ESTAT:GOV_10A_EXP(1.0),22/04/24 11:00:00,A,PC_GDP,S13,TOTAL,TE,CY,2016,37.3,
ESTAT:GOV_10A_EXP(1.0),22/04/24 11:00:00,A,PC_GDP,S13,TOTAL,TE,CY,2017,36.4,
ESTAT:GOV_10A_EXP(1.0),22/04/24 11:00:00,A,PC_GDP,S13,TOTAL,TE,CY,2018,42.6,
ESTAT:GOV_10A_EXP(1.0),22/04/24 11:00:00,A,PC_GDP,S13,TOTAL,TE,CY,2019,38.5,
ESTAT:GOV_10A_EXP(1.0),22/04/24 11:00:00,A,PC_GDP,S13,TOTAL,TE,CY,2020,44.2,
ESTAT:GOV_10A_EXP(1.0),22/04/24 11:00:00,A,PC_GDP,S13,TOTAL,TE,CY,2021,41.9,
ESTAT:GOV_10A_EXP(1.0),22/04/24 11:00:00,A,PC_GDP,S13,TOTAL,TE,CY,2022,38.8,
ESTAT:GOV_10A_EXP(1.0),22/04/24 11:00:00,A,PC_GDP,S13,TOTAL,TE,CZ,2013,42.7,
ESTAT:GOV_10A_EXP(1.0),22/04/24 11:00:00,A,PC_GDP,S13,TOTAL,TE,CZ,2014,42.6,
ESTAT:GOV_10A_EXP(1.0),22/04/24 11:00:00,A,PC_GDP,S13,TOTAL,TE,CZ,2015,41.9,
ESTAT:GOV_10A_EXP(1.0),22/04/24 11:00:00,A,PC_GDP,S13,TOTAL,TE,CZ,2016,39.8,
ESTAT:GOV_10A_EXP(1.0),22/04/24 11:00:00,A,PC_GDP,S13,TOTAL,TE,CZ,2017,39.0,
ESTAT:GOV_10A_EXP(1.0),22/04/24 11:00:00,A,PC_GDP,S13,TOTAL,TE,CZ,2018,40.6,
ESTAT:GOV_10A_EXP(1.0),22/04/24 11:00:00,A,PC_GDP,S13,TOTAL,TE,CZ,2019,41.1,
ESTAT:GOV_10A_EXP(1.0),22/04/24 11:00:00,A,PC_GDP,S13,TOTAL,TE,CZ,2020,47.2,
ESTAT:GOV_10A_EXP(1.0),22/04/24 11:00:00,A,PC_GDP,S13,TOTAL,TE,CZ,2021,46.5,
ESTAT:GOV_10A_EXP(1.0),22/04/24 11:00:00,A,PC_GDP,S13,TOTAL,TE,CZ,2022,44.6,
ESTAT:GOV_10A_EXP(1.0),22/04/24 11:00:00,A,PC_GDP,S13,TOTAL,TE,DE,2013,44.9,
ESTAT:GOV_10A_EXP(1.0),22/04/24 11:00:00,A,PC_GDP,S13,TOTAL,TE,DE,2014,44.3,
ESTAT:GOV_10A_EXP(1.0),22/04/24 11:00:00,A,PC_GDP,S13,TOTAL,TE,DE,2015,44.1,
ESTAT:GOV_10A_EXP(1.0),22/04/24 11:00:00,A,PC_GDP,S13,TOTAL,TE,DE,2016,44.4,
ESTAT:GOV_10A_EXP(1.0),22/04/24 11:00:00,A,PC_GDP,S13,TOTAL,TE,DE,2017,44.2,
ESTAT:GOV_10A_EXP(1.0),22/04/24 11:00:00,A,PC_GDP,S13,TOTAL,TE,DE,2018,44.3,
ESTAT:GOV_10A_EXP(1.0),22/04/24 11:00:00,A,PC_GDP,S13,TOTAL,TE,DE,2019,45.0,
ESTAT:GOV_10A_EXP(1.0),22/04/24 11:00:00,A,PC_GDP,S13,TOTAL,TE,DE,2020,50.5,p
ESTAT:GOV_10A_EXP(1.0),22/04/24 11:00:00,A,PC_GDP,S13,TOTAL,TE,DE,2021,50.9,p
ESTAT:GOV_10A_EXP(1.0),22/04/24 11:00:00,A,PC_GDP,S13,TOTAL,TE,DE,2022,49.5,p
ESTAT:GOV_10A_EXP(1.0),22/04/24 11:00:00,A,PC_GDP,S13,TOTAL,TE,DK,2013,55.8,
ESTAT:GOV_10A_EXP(1.0),22/04/24 11:00:00,A,PC_GDP,S13,TOTAL,TE,DK,2014,55.2,
ESTAT:GOV_10A_EXP(1.0),22/04/24 11:00:00,A,PC_GDP,S13,TOTAL,TE,DK,2015,54.5,
ESTAT:GOV_10A_EXP(1.0),22/04/24 11:00:00,A,PC_GDP,S13,TOTAL,TE,DK,2016,52.5,
ESTAT:GOV_10A_EXP(1.0),22/04/24 11:00:00,A,PC_GDP,S13,TOTAL,TE,DK,2017,50.5,
ESTAT:GOV_10A_EXP(1.0),22/04/24 11:00:00,A,PC_GDP,S13,TOTAL,TE,DK,2018,50.5,
ESTAT:GOV_10A_EXP(1.0),22/04/24 11:00:00,A,PC_GDP,S13,TOTAL,TE,DK,2019,49.7,
ESTAT:GOV_10A_EXP(1.0),22/04/24 11:00:00,A,PC_GDP,S13,TOTAL,TE,DK,2020,53.5,
ESTAT:GOV_10A_EXP(1.0),22/04/24 11:00:00,A,PC_GDP,S13,TOTAL,TE,DK,2021,49.8,
ESTAT:GOV_10A_EXP(1.0),22/04/24 11:00:00,A,PC_GDP,S13,TOTAL,TE,DK,2022,45.0,
ESTAT:GOV_10A_EXP(1.0),22/04/24 11:00:00,A,PC_GDP,S13,TOTAL,TE,EA19,2013,50.0,
ESTAT:GOV_10A_EXP(1.0),22/04/24 11:00:00,A,PC_GDP,S13,TOTAL,TE,EA19,2014,49.3,
ESTAT:GOV_10A_EXP(1.0),22/04/24 11:00:00,A,PC_GDP,S13,TOTAL,TE,EA19,2015,48.5,
ESTAT:GOV_10A_EXP(1.0),22/04/24 11:00:00,A,PC_GDP,S13,TOTAL,TE,EA19,2016,47.8,
ESTAT:GOV_10A_EXP(1.0),22/04/24 11:00:00,A,PC_GDP,S13,TOTAL,TE,EA19,2017,47.1,
ESTAT:GOV_10A_EXP(1.0),22/04/24 11:00:00,A,PC_GDP,S13,TOTAL,TE,EA19,2018,46.9,
ESTAT:GOV_10A_EXP(1.0),22/04/24 11:00:00,A,PC_GDP,S13,TOTAL,TE,EA19,2019,47.0,
ESTAT:GOV_10A_EXP(1.0),22/04/24 11:00:00,A,PC_GDP,S13,TOTAL,TE,EA19,2020,53.5,
ESTAT:GOV_10A_EXP(1.0),22/04/24 11:00:00,A,PC_GDP,S13,TOTAL,TE,EA19,2021,52.2,
ESTAT:GOV_10A_EXP(1.0),22/04/24 11:00:00,A,PC_GDP,S13,TOTAL,TE,EA19,2022,50.5,
ESTAT:GOV_10A_EXP(1.0),22/04/24 11:00:00,A,PC_GDP,S13,TOTAL,TE,EA20,2013,50.0,
ESTAT:GOV_10A_EXP(1.0),22/04/24 11:00:00,A,PC_GDP,S13,TOTAL,TE,EA20,2014,49.3,
ESTAT:GOV_10A_EXP(1.0),22/04/24 11:00:00,A,PC_GDP,S13,TOTAL,TE,EA20,2015,48.5,
ESTAT:GOV_10A_EXP(1.0),22/04/24 11:00:00,A,PC_GDP,S13,TOTAL,TE,EA20,2016,47.7,
ESTAT:GOV_10A_EXP(1.0),22/04/24 11:00:00,A,PC_GDP,S13,TOTAL,TE,EA20,2017,47.1,
ESTAT:GOV_10A_EXP(1.0),22/04/24 11:00:00,A,PC_GDP,S13,TOTAL,TE,EA20,2018,46.9,
ESTAT:GOV_10A_EXP(1.0),22/04/24 11:00:00,A,PC_GDP,S13,TOTAL,TE,EA20,2019,46.9,
ESTAT:GOV_10A_EXP(1.0),22/04/24 11:00:00,A,PC_GDP,S13,TOTAL,TE,EA20,2020,53.5,
ESTAT:GOV_10A_EXP(1.0),22/04/24 11:00:00,A,PC_GDP,S13,TOTAL,TE,EA20,2021,52.2,
ESTAT:GOV_10A_EXP(1.0),22/04/24 11:00:00,A,PC_GDP,S13,TOTAL,TE,EA20,2022,50.4,
ESTAT:GOV_10A_EXP(1.0),22/04/24 11:00:00,A,PC_GDP,S13,TOTAL,TE,EE,2013,38.4,
ESTAT:GOV_10A_EXP(1.0),22/04/24 11:00:00,A,PC_GDP,S13,TOTAL,TE,EE,2014,37.8,
ESTAT:GOV_10A_EXP(1.0),22/04/24 11:00:00,A,PC_GDP,S13,TOTAL,TE,EE,2015,39.5,
ESTAT:GOV_10A_EXP(1.0),22/04/24 11:00:00,A,PC_GDP,S13,TOTAL,TE,EE,2016,39.4,
ESTAT:GOV_10A_EXP(1.0),22/04/24 11:00:00,A,PC_GDP,S13,TOTAL,TE,EE,2017,39.2,
ESTAT:GOV_10A_EXP(1.0),22/04/24 11:00:00,A,PC_GDP,S13,TOTAL,TE,EE,2018,39.3,
ESTAT:GOV_10A_EXP(1.0),22/04/24 11:00:00,A,PC_GDP,S13,TOTAL,TE,EE,2019,39.1,
ESTAT:GOV_10A_EXP(1.0),22/04/24 11:00:00,A,PC_GDP,S13,TOTAL,TE,EE,2020,44.9,
ESTAT:GOV_10A_EXP(1.0),22/04/24 11:00:00,A,PC_GDP,S13,TOTAL,TE,EE,2021,41.9,
ESTAT:GOV_10A_EXP(1.0),22/04/24 11:00:00,A,PC_GDP,S13,TOTAL,TE,EE,2022,39.8,
ESTAT:GOV_10A_EXP(1.0),22/04/24 11:00:00,A,PC_GDP,S13,TOTAL,TE,EL,2013,63.2,
ESTAT:GOV_10A_EXP(1.0),22/04/24 11:00:00,A,PC_GDP,S13,TOTAL,TE,EL,2014,51.2,
ESTAT:GOV_10A_EXP(1.0),22/04/24 11:00:00,A,PC_GDP,S13,TOTAL,TE,EL,2015,54.5,
ESTAT:GOV_10A_EXP(1.0),22/04/24 11:00:00,A,PC_GDP,S13,TOTAL,TE,EL,2016,50.3,
ESTAT:GOV_10A_EXP(1.0),22/04/24 11:00:00,A,PC_GDP,S13,TOTAL,TE,EL,2017,48.7,
ESTAT:GOV_10A_EXP(1.0),22/04/24 11:00:00,A,PC_GDP,S13,TOTAL,TE,EL,2018,48.9,
ESTAT:GOV_10A_EXP(1.0),22/04/24 11:00:00,A,PC_GDP,S13,TOTAL,TE,EL,2019,48.1,
ESTAT:GOV_10A_EXP(1.0),22/04/24 11:00:00,A,PC_GDP,S13,TOTAL,TE,EL,2020,60.2,
ESTAT:GOV_10A_EXP(1.0),22/04/24 11:00:00,A,PC_GDP,S13,TOTAL,TE,EL,2021,57.7,
ESTAT:GOV_10A_EXP(1.0),22/04/24 11:00:00,A,PC_GDP,S13,TOTAL,TE,EL,2022,52.9,
ESTAT:GOV_10A_EXP(1.0),22/04/24 11:00:00,A,PC_GDP,S13,TOTAL,TE,ES,2013,46.4,
ESTAT:GOV_10A_EXP(1.0),22/04/24 11:00:00,A,PC_GDP,S13,TOTAL,TE,ES,2014,45.3,
ESTAT:GOV_10A_EXP(1.0),22/04/24 11:00:00,A,PC_GDP,S13,TOTAL,TE,ES,2015,44.0,
ESTAT:GOV_10A_EXP(1.0),22/04/24 11:00:00,A,PC_GDP,S13,TOTAL,TE,ES,2016,42.5,
ESTAT:GOV_10A_EXP(1.0),22/04/24 11:00:00,A,PC_GDP,S13,TOTAL,TE,ES,2017,41.3,
ESTAT:GOV_10A_EXP(1.0),22/04/24 11:00:00,A,PC_GDP,S13,TOTAL,TE,ES,2018,41.8,
ESTAT:GOV_10A_EXP(1.0),22/04/24 11:00:00,A,PC_GDP,S13,TOTAL,TE,ES,2019,42.3,
ESTAT:GOV_10A_EXP(1.0),22/04/24 11:00:00,A,PC_GDP,S13,TOTAL,TE,ES,2020,51.9,
ESTAT:GOV_10A_EXP(1.0),22/04/24 11:00:00,A,PC_GDP,S13,TOTAL,TE,ES,2021,50.0,
ESTAT:GOV_10A_EXP(1.0),22/04/24 11:00:00,A,PC_GDP,S13,TOTAL,TE,ES,2022,47.4,p
ESTAT:GOV_10A_EXP(1.0),22/04/24 11:00:00,A,PC_GDP,S13,TOTAL,TE,EU27_2020,2013,49.7,
ESTAT:GOV_10A_EXP(1.0),22/04/24 11:00:00,A,PC_GDP,S13,TOTAL,TE,EU27_2020,2014,49.0,
ESTAT:GOV_10A_EXP(1.0),22/04/24 11:00:00,A,PC_GDP,S13,TOTAL,TE,EU27_2020,2015,48.1,
ESTAT:GOV_10A_EXP(1.0),22/04/24 11:00:00,A,PC_GDP,S13,TOTAL,TE,EU27_2020,2016,47.4,
ESTAT:GOV_10A_EXP(1.0),22/04/24 11:00:00,A,PC_GDP,S13,TOTAL,TE,EU27_2020,2017,46.7,
ESTAT:GOV_10A_EXP(1.0),22/04/24 11:00:00,A,PC_GDP,S13,TOTAL,TE,EU27_2020,2018,46.5,
ESTAT:GOV_10A_EXP(1.0),22/04/24 11:00:00,A,PC_GDP,S13,TOTAL,TE,EU27_2020,2019,46.6,
ESTAT:GOV_10A_EXP(1.0),22/04/24 11:00:00,A,PC_GDP,S13,TOTAL,TE,EU27_2020,2020,52.8,
ESTAT:GOV_10A_EXP(1.0),22/04/24 11:00:00,A,PC_GDP,S13,TOTAL,TE,EU27_2020,2021,51.3,
ESTAT:GOV_10A_EXP(1.0),22/04/24 11:00:00,A,PC_GDP,S13,TOTAL,TE,EU27_2020,2022,49.6,
ESTAT:GOV_10A_EXP(1.0),22/04/24 11:00:00,A,PC_GDP,S13,TOTAL,TE,FI,2013,56.8,
ESTAT:GOV_10A_EXP(1.0),22/04/24 11:00:00,A,PC_GDP,S13,TOTAL,TE,FI,2014,57.3,
ESTAT:GOV_10A_EXP(1.0),22/04/24 11:00:00,A,PC_GDP,S13,TOTAL,TE,FI,2015,56.5,b
ESTAT:GOV_10A_EXP(1.0),22/04/24 11:00:00,A,PC_GDP,S13,TOTAL,TE,FI,2016,55.6,
ESTAT:GOV_10A_EXP(1.0),22/04/24 11:00:00,A,PC_GDP,S13,TOTAL,TE,FI,2017,53.6,
ESTAT:GOV_10A_EXP(1.0),22/04/24 11:00:00,A,PC_GDP,S13,TOTAL,TE,FI,2018,53.4,
ESTAT:GOV_10A_EXP(1.0),22/04/24 11:00:00,A,PC_GDP,S13,TOTAL,TE,FI,2019,53.3,
ESTAT:GOV_10A_EXP(1.0),22/04/24 11:00:00,A,PC_GDP,S13,TOTAL,TE,FI,2020,57.2,
ESTAT:GOV_10A_EXP(1.0),22/04/24 11:00:00,A,PC_GDP,S13,TOTAL,TE,FI,2021,55.8,
ESTAT:GOV_10A_EXP(1.0),22/04/24 11:00:00,A,PC_GDP,S13,TOTAL,TE,FI,2022,53.3,
ESTAT:GOV_10A_EXP(1.0),22/04/24 11:00:00,A,PC_GDP,S13,TOTAL,TE,FR,2013,57.2,
ESTAT:GOV_10A_EXP(1.0),22/04/24 11:00:00,A,PC_GDP,S13,TOTAL,TE,FR,2014,57.2,
ESTAT:GOV_10A_EXP(1.0),22/04/24 11:00:00,A,PC_GDP,S13,TOTAL,TE,FR,2015,56.8,
ESTAT:GOV_10A_EXP(1.0),22/04/24 11:00:00,A,PC_GDP,S13,TOTAL,TE,FR,2016,56.7,
ESTAT:GOV_10A_EXP(1.0),22/04/24 11:00:00,A,PC_GDP,S13,TOTAL,TE,FR,2017,56.5,
ESTAT:GOV_10A_EXP(1.0),22/04/24 11:00:00,A,PC_GDP,S13,TOTAL,TE,FR,2018,55.6,
ESTAT:GOV_10A_EXP(1.0),22/04/24 11:00:00,A,PC_GDP,S13,TOTAL,TE,FR,2019,55.4,
ESTAT:GOV_10A_EXP(1.0),22/04/24 11:00:00,A,PC_GDP,S13,TOTAL,TE,FR,2020,61.3,
ESTAT:GOV_10A_EXP(1.0),22/04/24 11:00:00,A,PC_GDP,S13,TOTAL,TE,FR,2021,59.1,p
ESTAT:GOV_10A_EXP(1.0),22/04/24 11:00:00,A,PC_GDP,S13,TOTAL,TE,FR,2022,58.3,p
ESTAT:GOV_10A_EXP(1.0),22/04/24 11:00:00,A,PC_GDP,S13,TOTAL,TE,HR,2013,48.0,
ESTAT:GOV_10A_EXP(1.0),22/04/24 11:00:00,A,PC_GDP,S13,TOTAL,TE,HR,2014,48.8,
ESTAT:GOV_10A_EXP(1.0),22/04/24 11:00:00,A,PC_GDP,S13,TOTAL,TE,HR,2015,47.6,
ESTAT:GOV_10A_EXP(1.0),22/04/24 11:00:00,A,PC_GDP,S13,TOTAL,TE,HR,2016,46.0,
ESTAT:GOV_10A_EXP(1.0),22/04/24 11:00:00,A,PC_GDP,S13,TOTAL,TE,HR,2017,44.3,
ESTAT:GOV_10A_EXP(1.0),22/04/24 11:00:00,A,PC_GDP,S13,TOTAL,TE,HR,2018,45.3,
ESTAT:GOV_10A_EXP(1.0),22/04/24 11:00:00,A,PC_GDP,S13,TOTAL,TE,HR,2019,46.2,
ESTAT:GOV_10A_EXP(1.0),22/04/24 11:00:00,A,PC_GDP,S13,TOTAL,TE,HR,2020,54.0,
ESTAT:GOV_10A_EXP(1.0),22/04/24 11:00:00,A,PC_GDP,S13,TOTAL,TE,HR,2021,48.6,
ESTAT:GOV_10A_EXP(1.0),22/04/24 11:00:00,A,PC_GDP,S13,TOTAL,TE,HR,2022,44.9,
ESTAT:GOV_10A_EXP(1.0),22/04/24 11:00:00,A,PC_GDP,S13,TOTAL,TE,HU,2013,50.1,
ESTAT:GOV_10A_EXP(1.0),22/04/24 11:00:00,A,PC_GDP,S13,TOTAL,TE,HU,2014,50.0,
ESTAT:GOV_10A_EXP(1.0),22/04/24 11:00:00,A,PC_GDP,S13,TOTAL,TE,HU,2015,50.4,
ESTAT:GOV_10A_EXP(1.0),22/04/24 11:00:00,A,PC_GDP,S13,TOTAL,TE,HU,2016,46.8,
ESTAT:GOV_10A_EXP(1.0),22/04/24 11:00:00,A,PC_GDP,S13,TOTAL,TE,HU,2017,46.7,
ESTAT:GOV_10A_EXP(1.0),22/04/24 11:00:00,A,PC_GDP,S13,TOTAL,TE,HU,2018,46.1,
ESTAT:GOV_10A_EXP(1.0),22/04/24 11:00:00,A,PC_GDP,S13,TOTAL,TE,HU,2019,46.1,
ESTAT:GOV_10A_EXP(1.0),22/04/24 11:00:00,A,PC_GDP,S13,TOTAL,TE,HU,2020,51.4,
ESTAT:GOV_10A_EXP(1.0),22/04/24 11:00:00,A,PC_GDP,S13,TOTAL,TE,HU,2021,48.4,
ESTAT:GOV_10A_EXP(1.0),22/04/24 11:00:00,A,PC_GDP,S13,TOTAL,TE,HU,2022,48.8,
ESTAT:GOV_10A_EXP(1.0),22/04/24 11:00:00,A,PC_GDP,S13,TOTAL,TE,IE,2013,40.6,
ESTAT:GOV_10A_EXP(1.0),22/04/24 11:00:00,A,PC_GDP,S13,TOTAL,TE,IE,2014,37.5,
ESTAT:GOV_10A_EXP(1.0),22/04/24 11:00:00,A,PC_GDP,S13,TOTAL,TE,IE,2015,29.0,
ESTAT:GOV_10A_EXP(1.0),22/04/24 11:00:00,A,PC_GDP,S13,TOTAL,TE,IE,2016,28.1,
ESTAT:GOV_10A_EXP(1.0),22/04/24 11:00:00,A,PC_GDP,S13,TOTAL,TE,IE,2017,26.1,
ESTAT:GOV_10A_EXP(1.0),22/04/24 11:00:00,A,PC_GDP,S13,TOTAL,TE,IE,2018,25.3,
ESTAT:GOV_10A_EXP(1.0),22/04/24 11:00:00,A,PC_GDP,S13,TOTAL,TE,IE,2019,24.3,
ESTAT:GOV_10A_EXP(1.0),22/04/24 11:00:00,A,PC_GDP,S13,TOTAL,TE,IE,2020,27.2,
ESTAT:GOV_10A_EXP(1.0),22/04/24 11:00:00,A,PC_GDP,S13,TOTAL,TE,IE,2021,24.4,
ESTAT:GOV_10A_EXP(1.0),22/04/24 11:00:00,A,PC_GDP,S13,TOTAL,TE,IE,2022,21.2,
ESTAT:GOV_10A_EXP(1.0),22/04/24 11:00:00,A,PC_GDP,S13,TOTAL,TE,IS,2013,46.0,
ESTAT:GOV_10A_EXP(1.0),22/04/24 11:00:00,A,PC_GDP,S13,TOTAL,TE,IS,2014,45.8,
ESTAT:GOV_10A_EXP(1.0),22/04/24 11:00:00,A,PC_GDP,S13,TOTAL,TE,IS,2015,43.5,
ESTAT:GOV_10A_EXP(1.0),22/04/24 11:00:00,A,PC_GDP,S13,TOTAL,TE,IS,2016,46.4,
ESTAT:GOV_10A_EXP(1.0),22/04/24 11:00:00,A,PC_GDP,S13,TOTAL,TE,IS,2017,44.4,
ESTAT:GOV_10A_EXP(1.0),22/04/24 11:00:00,A,PC_GDP,S13,TOTAL,TE,IS,2018,43.8,
ESTAT:GOV_10A_EXP(1.0),22/04/24 11:00:00,A,PC_GDP,S13,TOTAL,TE,IS,2019,43.6,
ESTAT:GOV_10A_EXP(1.0),22/04/24 11:00:00,A,PC_GDP,S13,TOTAL,TE,IS,2020,51.3,
ESTAT:GOV_10A_EXP(1.0),22/04/24 11:00:00,A,PC_GDP,S13,TOTAL,TE,IS,2021,49.9,
ESTAT:GOV_10A_EXP(1.0),22/04/24 11:00:00,A,PC_GDP,S13,TOTAL,TE,IS,2022,47.5,
ESTAT:GOV_10A_EXP(1.0),22/04/24 11:00:00,A,PC_GDP,S13,TOTAL,TE,IT,2013,51.0,
ESTAT:GOV_10A_EXP(1.0),22/04/24 11:00:00,A,PC_GDP,S13,TOTAL,TE,IT,2014,50.9,
ESTAT:GOV_10A_EXP(1.0),22/04/24 11:00:00,A,PC_GDP,S13,TOTAL,TE,IT,2015,50.3,
ESTAT:GOV_10A_EXP(1.0),22/04/24 11:00:00,A,PC_GDP,S13,TOTAL,TE,IT,2016,49.1,
ESTAT:GOV_10A_EXP(1.0),22/04/24 11:00:00,A,PC_GDP,S13,TOTAL,TE,IT,2017,48.8,
ESTAT:GOV_10A_EXP(1.0),22/04/24 11:00:00,A,PC_GDP,S13,TOTAL,TE,IT,2018,48.4,
ESTAT:GOV_10A_EXP(1.0),22/04/24 11:00:00,A,PC_GDP,S13,TOTAL,TE,IT,2019,48.5,
ESTAT:GOV_10A_EXP(1.0),22/04/24 11:00:00,A,PC_GDP,S13,TOTAL,TE,IT,2020,57.0,
ESTAT:GOV_10A_EXP(1.0),22/04/24 11:00:00,A,PC_GDP,S13,TOTAL,TE,IT,2021,56.3,
ESTAT:GOV_10A_EXP(1.0),22/04/24 11:00:00,A,PC_GDP,S13,TOTAL,TE,IT,2022,56.1,
ESTAT:GOV_10A_EXP(1.0),22/04/24 11:00:00,A,PC_GDP,S13,TOTAL,TE,LT,2013,35.6,
ESTAT:GOV_10A_EXP(1.0),22/04/24 11:00:00,A,PC_GDP,S13,TOTAL,TE,LT,2014,34.7,
ESTAT:GOV_10A_EXP(1.0),22/04/24 11:00:00,A,PC_GDP,S13,TOTAL,TE,LT,2015,35.2,
ESTAT:GOV_10A_EXP(1.0),22/04/24 11:00:00,A,PC_GDP,S13,TOTAL,TE,LT,2016,34.2,
ESTAT:GOV_10A_EXP(1.0),22/04/24 11:00:00,A,PC_GDP,S13,TOTAL,TE,LT,2017,33.2,
ESTAT:GOV_10A_EXP(1.0),22/04/24 11:00:00,A,PC_GDP,S13,TOTAL,TE,LT,2018,34.0,
ESTAT:GOV_10A_EXP(1.0),22/04/24 11:00:00,A,PC_GDP,S13,TOTAL,TE,LT,2019,34.8,
ESTAT:GOV_10A_EXP(1.0),22/04/24 11:00:00,A,PC_GDP,S13,TOTAL,TE,LT,2020,42.7,
ESTAT:GOV_10A_EXP(1.0),22/04/24 11:00:00,A,PC_GDP,S13,TOTAL,TE,LT,2021,37.4,
ESTAT:GOV_10A_EXP(1.0),22/04/24 11:00:00,A,PC_GDP,S13,TOTAL,TE,LT,2022,36.4,
ESTAT:GOV_10A_EXP(1.0),22/04/24 11:00:00,A,PC_GDP,S13,TOTAL,TE,LU,2013,41.2,
ESTAT:GOV_10A_EXP(1.0),22/04/24 11:00:00,A,PC_GDP,S13,TOTAL,TE,LU,2014,40.6,
ESTAT:GOV_10A_EXP(1.0),22/04/24 11:00:00,A,PC_GDP,S13,TOTAL,TE,LU,2015,40.4,
ESTAT:GOV_10A_EXP(1.0),22/04/24 11:00:00,A,PC_GDP,S13,TOTAL,TE,LU,2016,40.0,
ESTAT:GOV_10A_EXP(1.0),22/04/24 11:00:00,A,PC_GDP,S13,TOTAL,TE,LU,2017,41.3,
ESTAT:GOV_10A_EXP(1.0),22/04/24 11:00:00,A,PC_GDP,S13,TOTAL,TE,LU,2018,42.3,
ESTAT:GOV_10A_EXP(1.0),22/04/24 11:00:00,A,PC_GDP,S13,TOTAL,TE,LU,2019,43.1,
ESTAT:GOV_10A_EXP(1.0),22/04/24 11:00:00,A,PC_GDP,S13,TOTAL,TE,LU,2020,47.0,
ESTAT:GOV_10A_EXP(1.0),22/04/24 11:00:00,A,PC_GDP,S13,TOTAL,TE,LU,2021,42.9,
ESTAT:GOV_10A_EXP(1.0),22/04/24 11:00:00,A,PC_GDP,S13,TOTAL,TE,LU,2022,43.9,
ESTAT:GOV_10A_EXP(1.0),22/04/24 11:00:00,A,PC_GDP,S13,TOTAL,TE,LV,2013,38.5,
ESTAT:GOV_10A_EXP(1.0),22/04/24 11:00:00,A,PC_GDP,S13,TOTAL,TE,LV,2014,39.0,
ESTAT:GOV_10A_EXP(1.0),22/04/24 11:00:00,A,PC_GDP,S13,TOTAL,TE,LV,2015,38.7,
ESTAT:GOV_10A_EXP(1.0),22/04/24 11:00:00,A,PC_GDP,S13,TOTAL,TE,LV,2016,37.5,
ESTAT:GOV_10A_EXP(1.0),22/04/24 11:00:00,A,PC_GDP,S13,TOTAL,TE,LV,2017,38.2,
ESTAT:GOV_10A_EXP(1.0),22/04/24 11:00:00,A,PC_GDP,S13,TOTAL,TE,LV,2018,39.3,
ESTAT:GOV_10A_EXP(1.0),22/04/24 11:00:00,A,PC_GDP,S13,TOTAL,TE,LV,2019,38.4,
ESTAT:GOV_10A_EXP(1.0),22/04/24 11:00:00,A,PC_GDP,S13,TOTAL,TE,LV,2020,42.5,
ESTAT:GOV_10A_EXP(1.0),22/04/24 11:00:00,A,PC_GDP,S13,TOTAL,TE,LV,2021,44.7,
ESTAT:GOV_10A_EXP(1.0),22/04/24 11:00:00,A,PC_GDP,S13,TOTAL,TE,LV,2022,40.4,
ESTAT:GOV_10A_EXP(1.0),22/04/24 11:00:00,A,PC_GDP,S13,TOTAL,TE,MT,2013,40.8,
ESTAT:GOV_10A_EXP(1.0),22/04/24 11:00:00,A,PC_GDP,S13,TOTAL,TE,MT,2014,40.3,
ESTAT:GOV_10A_EXP(1.0),22/04/24 11:00:00,A,PC_GDP,S13,TOTAL,TE,MT,2015,38.5,
ESTAT:GOV_10A_EXP(1.0),22/04/24 11:00:00,A,PC_GDP,S13,TOTAL,TE,MT,2016,36.4,
ESTAT:GOV_10A_EXP(1.0),22/04/24 11:00:00,A,PC_GDP,S13,TOTAL,TE,MT,2017,34.5,
ESTAT:GOV_10A_EXP(1.0),22/04/24 11:00:00,A,PC_GDP,S13,TOTAL,TE,MT,2018,36.0,
ESTAT:GOV_10A_EXP(1.0),22/04/24 11:00:00,A,PC_GDP,S13,TOTAL,TE,MT,2019,35.7,
ESTAT:GOV_10A_EXP(1.0),22/04/24 11:00:00,A,PC_GDP,S13,TOTAL,TE,MT,2020,45.3,
ESTAT:GOV_10A_EXP(1.0),22/04/24 11:00:00,A,PC_GDP,S13,TOTAL,TE,MT,2021,42.9,
ESTAT:GOV_10A_EXP(1.0),22/04/24 11:00:00,A,PC_GDP,S13,TOTAL,TE,MT,2022,39.3,
ESTAT:GOV_10A_EXP(1.0),22/04/24 11:00:00,A,PC_GDP,S13,TOTAL,TE,NL,2013,46.8,
ESTAT:GOV_10A_EXP(1.0),22/04/24 11:00:00,A,PC_GDP,S13,TOTAL,TE,NL,2014,46.1,
ESTAT:GOV_10A_EXP(1.0),22/04/24 11:00:00,A,PC_GDP,S13,TOTAL,TE,NL,2015,44.8,
ESTAT:GOV_10A_EXP(1.0),22/04/24 11:00:00,A,PC_GDP,S13,TOTAL,TE,NL,2016,43.6,
ESTAT:GOV_10A_EXP(1.0),22/04/24 11:00:00,A,PC_GDP,S13,TOTAL,TE,NL,2017,42.5,
ESTAT:GOV_10A_EXP(1.0),22/04/24 11:00:00,A,PC_GDP,S13,TOTAL,TE,NL,2018,42.3,
ESTAT:GOV_10A_EXP(1.0),22/04/24 11:00:00,A,PC_GDP,S13,TOTAL,TE,NL,2019,42.1,
ESTAT:GOV_10A_EXP(1.0),22/04/24 11:00:00,A,PC_GDP,S13,TOTAL,TE,NL,2020,47.8,
ESTAT:GOV_10A_EXP(1.0),22/04/24 11:00:00,A,PC_GDP,S13,TOTAL,TE,NL,2021,46.0,
ESTAT:GOV_10A_EXP(1.0),22/04/24 11:00:00,A,PC_GDP,S13,TOTAL,TE,NL,2022,43.5,
ESTAT:GOV_10A_EXP(1.0),22/04/24 11:00:00,A,PC_GDP,S13,TOTAL,TE,NO,2013,44.1,
ESTAT:GOV_10A_EXP(1.0),22/04/24 11:00:00,A,PC_GDP,S13,TOTAL,TE,NO,2014,45.9,
ESTAT:GOV_10A_EXP(1.0),22/04/24 11:00:00,A,PC_GDP,S13,TOTAL,TE,NO,2015,49.0,
ESTAT:GOV_10A_EXP(1.0),22/04/24 11:00:00,A,PC_GDP,S13,TOTAL,TE,NO,2016,51.2,
ESTAT:GOV_10A_EXP(1.0),22/04/24 11:00:00,A,PC_GDP,S13,TOTAL,TE,NO,2017,50.1,
ESTAT:GOV_10A_EXP(1.0),22/04/24 11:00:00,A,PC_GDP,S13,TOTAL,TE,NO,2018,48.5,
ESTAT:GOV_10A_EXP(1.0),22/04/24 11:00:00,A,PC_GDP,S13,TOTAL,TE,NO,2019,51.1,
ESTAT:GOV_10A_EXP(1.0),22/04/24 11:00:00,A,PC_GDP,S13,TOTAL,TE,NO,2020,57.6,
ESTAT:GOV_10A_EXP(1.0),22/04/24 11:00:00,A,PC_GDP,S13,TOTAL,TE,NO,2021,47.1,
ESTAT:GOV_10A_EXP(1.0),22/04/24 11:00:00,A,PC_GDP,S13,TOTAL,TE,NO,2022,38.4,
ESTAT:GOV_10A_EXP(1.0),22/04/24 11:00:00,A,PC_GDP,S13,TOTAL,TE,PL,2013,43.4,
ESTAT:GOV_10A_EXP(1.0),22/04/24 11:00:00,A,PC_GDP,S13,TOTAL,TE,PL,2014,42.9,
ESTAT:GOV_10A_EXP(1.0),22/04/24 11:00:00,A,PC_GDP,S13,TOTAL,TE,PL,2015,41.7,
ESTAT:GOV_10A_EXP(1.0),22/04/24 11:00:00,A,PC_GDP,S13,TOTAL,TE,PL,2016,41.3,
ESTAT:GOV_10A_EXP(1.0),22/04/24 11:00:00,A,PC_GDP,S13,TOTAL,TE,PL,2017,41.4,
ESTAT:GOV_10A_EXP(1.0),22/04/24 11:00:00,A,PC_GDP,S13,TOTAL,TE,PL,2018,41.4,
ESTAT:GOV_10A_EXP(1.0),22/04/24 11:00:00,A,PC_GDP,S13,TOTAL,TE,PL,2019,41.9,
ESTAT:GOV_10A_EXP(1.0),22/04/24 11:00:00,A,PC_GDP,S13,TOTAL,TE,PL,2020,48.2,
ESTAT:GOV_10A_EXP(1.0),22/04/24 11:00:00,A,PC_GDP,S13,TOTAL,TE,PL,2021,44.1,
ESTAT:GOV_10A_EXP(1.0),22/04/24 11:00:00,A,PC_GDP,S13,TOTAL,TE,PL,2022,43.9,
ESTAT:GOV_10A_EXP(1.0),22/04/24 11:00:00,A,PC_GDP,S13,TOTAL,TE,PT,2013,49.9,
ESTAT:GOV_10A_EXP(1.0),22/04/24 11:00:00,A,PC_GDP,S13,TOTAL,TE,PT,2014,51.7,
ESTAT:GOV_10A_EXP(1.0),22/04/24 11:00:00,A,PC_GDP,S13,TOTAL,TE,PT,2015,48.2,
ESTAT:GOV_10A_EXP(1.0),22/04/24 11:00:00,A,PC_GDP,S13,TOTAL,TE,PT,2016,44.8,
ESTAT:GOV_10A_EXP(1.0),22/04/24 11:00:00,A,PC_GDP,S13,TOTAL,TE,PT,2017,45.4,
ESTAT:GOV_10A_EXP(1.0),22/04/24 11:00:00,A,PC_GDP,S13,TOTAL,TE,PT,2018,43.2,
ESTAT:GOV_10A_EXP(1.0),22/04/24 11:00:00,A,PC_GDP,S13,TOTAL,TE,PT,2019,42.5,
ESTAT:GOV_10A_EXP(1.0),22/04/24 11:00:00,A,PC_GDP,S13,TOTAL,TE,PT,2020,49.2,
ESTAT:GOV_10A_EXP(1.0),22/04/24 11:00:00,A,PC_GDP,S13,TOTAL,TE,PT,2021,47.5,
ESTAT:GOV_10A_EXP(1.0),22/04/24 11:00:00,A,PC_GDP,S13,TOTAL,TE,PT,2022,44.1,p
ESTAT:GOV_10A_EXP(1.0),22/04/24 11:00:00,A,PC_GDP,S13,TOTAL,TE,RO,2013,36.0,
ESTAT:GOV_10A_EXP(1.0),22/04/24 11:00:00,A,PC_GDP,S13,TOTAL,TE,RO,2014,35.4,
ESTAT:GOV_10A_EXP(1.0),22/04/24 11:00:00,A,PC_GDP,S13,TOTAL,TE,RO,2015,36.0,
ESTAT:GOV_10A_EXP(1.0),22/04/24 11:00:00,A,PC_GDP,S13,TOTAL,TE,RO,2016,35.0,
ESTAT:GOV_10A_EXP(1.0),22/04/24 11:00:00,A,PC_GDP,S13,TOTAL,TE,RO,2017,33.6,
ESTAT:GOV_10A_EXP(1.0),22/04/24 11:00:00,A,PC_GDP,S13,TOTAL,TE,RO,2018,34.5,
ESTAT:GOV_10A_EXP(1.0),22/04/24 11:00:00,A,PC_GDP,S13,TOTAL,TE,RO,2019,36.3,
ESTAT:GOV_10A_EXP(1.0),22/04/24 11:00:00,A,PC_GDP,S13,TOTAL,TE,RO,2020,41.8,
ESTAT:GOV_10A_EXP(1.0),22/04/24 11:00:00,A,PC_GDP,S13,TOTAL,TE,RO,2021,40.0,
ESTAT:GOV_10A_EXP(1.0),22/04/24 11:00:00,A,PC_GDP,S13,TOTAL,TE,RO,2022,40.2,
ESTAT:GOV_10A_EXP(1.0),22/04/24 11:00:00,A,PC_GDP,S13,TOTAL,TE,SE,2013,51.7,
ESTAT:GOV_10A_EXP(1.0),22/04/24 11:00:00,A,PC_GDP,S13,TOTAL,TE,SE,2014,50.7,
ESTAT:GOV_10A_EXP(1.0),22/04/24 11:00:00,A,PC_GDP,S13,TOTAL,TE,SE,2015,49.4,
ESTAT:GOV_10A_EXP(1.0),22/04/24 11:00:00,A,PC_GDP,S13,TOTAL,TE,SE,2016,49.7,
ESTAT:GOV_10A_EXP(1.0),22/04/24 11:00:00,A,PC_GDP,S13,TOTAL,TE,SE,2017,49.3,
ESTAT:GOV_10A_EXP(1.0),22/04/24 11:00:00,A,PC_GDP,S13,TOTAL,TE,SE,2018,49.9,
ESTAT:GOV_10A_EXP(1.0),22/04/24 11:00:00,A,PC_GDP,S13,TOTAL,TE,SE,2019,49.2,
ESTAT:GOV_10A_EXP(1.0),22/04/24 11:00:00,A,PC_GDP,S13,TOTAL,TE,SE,2020,52.1,
ESTAT:GOV_10A_EXP(1.0),22/04/24 11:00:00,A,PC_GDP,S13,TOTAL,TE,SE,2021,49.2,
ESTAT:GOV_10A_EXP(1.0),22/04/24 11:00:00,A,PC_GDP,S13,TOTAL,TE,SE,2022,47.6,
ESTAT:GOV_10A_EXP(1.0),22/04/24 11:00:00,A,PC_GDP,S13,TOTAL,TE,SI,2013,60.3,
ESTAT:GOV_10A_EXP(1.0),22/04/24 11:00:00,A,PC_GDP,S13,TOTAL,TE,SI,2014,50.8,
ESTAT:GOV_10A_EXP(1.0),22/04/24 11:00:00,A,PC_GDP,S13,TOTAL,TE,SI,2015,48.7,
ESTAT:GOV_10A_EXP(1.0),22/04/24 11:00:00,A,PC_GDP,S13,TOTAL,TE,SI,2016,46.2,
ESTAT:GOV_10A_EXP(1.0),22/04/24 11:00:00,A,PC_GDP,S13,TOTAL,TE,SI,2017,44.1,
ESTAT:GOV_10A_EXP(1.0),22/04/24 11:00:00,A,PC_GDP,S13,TOTAL,TE,SI,2018,43.5,
ESTAT:GOV_10A_EXP(1.0),22/04/24 11:00:00,A,PC_GDP,S13,TOTAL,TE,SI,2019,43.4,
ESTAT:GOV_10A_EXP(1.0),22/04/24 11:00:00,A,PC_GDP,S13,TOTAL,TE,SI,2020,51.4,
ESTAT:GOV_10A_EXP(1.0),22/04/24 11:00:00,A,PC_GDP,S13,TOTAL,TE,SI,2021,49.5,
ESTAT:GOV_10A_EXP(1.0),22/04/24 11:00:00,A,PC_GDP,S13,TOTAL,TE,SI,2022,47.2,
ESTAT:GOV_10A_EXP(1.0),22/04/24 11:00:00,A,PC_GDP,S13,TOTAL,TE,SK,2013,42.5,
ESTAT:GOV_10A_EXP(1.0),22/04/24 11:00:00,A,PC_GDP,S13,TOTAL,TE,SK,2014,43.3,
ESTAT:GOV_10A_EXP(1.0),22/04/24 11:00:00,A,PC_GDP,S13,TOTAL,TE,SK,2015,45.6,
ESTAT:GOV_10A_EXP(1.0),22/04/24 11:00:00,A,PC_GDP,S13,TOTAL,TE,SK,2016,42.5,
ESTAT:GOV_10A_EXP(1.0),22/04/24 11:00:00,A,PC_GDP,S13,TOTAL,TE,SK,2017,39.5,
ESTAT:GOV_10A_EXP(1.0),22/04/24 11:00:00,A,PC_GDP,S13,TOTAL,TE,SK,2018,39.7,
ESTAT:GOV_10A_EXP(1.0),22/04/24 11:00:00,A,PC_GDP,S13,TOTAL,TE,SK,2019,40.5,
ESTAT:GOV_10A_EXP(1.0),22/04/24 11:00:00,A,PC_GDP,S13,TOTAL,TE,SK,2020,44.7,
ESTAT:GOV_10A_EXP(1.0),22/04/24 11:00:00,A,PC_GDP,S13,TOTAL,TE,SK,2021,45.3,
ESTAT:GOV_10A_EXP(1.0),22/04/24 11:00:00,A,PC_GDP,S13,TOTAL,TE,SK,2022,42.3,
